auxiliar_descripcion,orden,grupo,tipo,insumo_descripcion,unidad,cantidad,precio_unitario,es_porcentaje
ANDAMIO TUBULAR CON TIJERA 1.50x1.50 m,1,EQUIPO Y HERRAMIENTAS,equipo,MARCO ANDAMIO DE TIJERA 1.50x1.50 m,Día,2.0,721.0,false
ANDAMIO TUBULAR CON TIJERA 1.50x1.50 m,2,EQUIPO Y HERRAMIENTAS,equipo,TIJERA DE ANDAMIO,Día,2.0,193.0,false
ANDAMIO TUBULAR CON TIJERA 1.50x1.50 m,3,EQUIPO Y HERRAMIENTAS,equipo,PLATAFORMA METÁLICA PARA ANDAMIO,Día,1.0,3470.0,false
"CARRETA BUGGIE, PALA, BALDES",1,EQUIPO Y HERRAMIENTAS,equipo,CARRETA LLANTA NEUMÁTICA,Un,1.0,354062.0,false
"CARRETA BUGGIE, PALA, BALDES",2,EQUIPO Y HERRAMIENTAS,equipo,PALA REDONDA CON CABO,Un,1.0,39378.0,false
"CARRETA BUGGIE, PALA, BALDES",3,EQUIPO Y HERRAMIENTAS,equipo,BALDE CONSTRUCCIÓN,Un,2.0,7080.0,false
"CARRETA BUGGIE, PALA, ZAPAPICO",1,EQUIPO Y HERRAMIENTAS,equipo,CARRETA LLANTA NEUMÁTICA,Un,1.0,354062.0,false
"CARRETA BUGGIE, PALA, ZAPAPICO",2,EQUIPO Y HERRAMIENTAS,equipo,PALA REDONDA CON CABO,Un,1.0,39378.0,false
"CARRETA BUGGIE, PALA, ZAPAPICO",3,EQUIPO Y HERRAMIENTAS,equipo,ZAPAPICO,Un,1.0,68047.0,false
HERRAMIENTAS PARA ALBAÑIL,1,EQUIPO Y HERRAMIENTAS,equipo,ALMADANA 4 lb,Un,1.0,56266.0,false
HERRAMIENTAS PARA ALBAÑIL,2,EQUIPO Y HERRAMIENTAS,equipo,"CINCEL 3/4"" ACERO TEMPLADO",Un,1.0,34781.0,false
HERRAMIENTAS PARA ALBAÑIL,3,EQUIPO Y HERRAMIENTAS,equipo,PALUSTRE,Un,1.0,16220.0,false
HERRAMIENTAS PARA ALBAÑIL,4,EQUIPO Y HERRAMIENTAS,equipo,CINTA MÉTRICA x 5 m,Un,1.0,22090.0,false
HERRAMIENTAS PARA ALBAÑIL,5,EQUIPO Y HERRAMIENTAS,equipo,NIVEL DE BURBUJA,Un,1.0,51165.0,false
HERRAMIENTAS PARA ALBAÑIL,6,EQUIPO Y HERRAMIENTAS,equipo,MANGUERA DE NIVEL x 10 m,Un,1.0,5692.0,false
HERRAMIENTAS PARA ALBAÑIL,7,EQUIPO Y HERRAMIENTAS,equipo,PLOMADA,Un,1.0,21525.0,false
HERRAMIENTAS PARA ALBAÑIL,8,EQUIPO Y HERRAMIENTAS,equipo,MARCO SEGUETA FIJO,Un,1.0,34434.0,false
HERRAMIENTAS PARA ALBAÑIL,9,EQUIPO Y HERRAMIENTAS,equipo,SERRUCHO,Un,1.0,43269.0,false
HERRAMIENTAS PARA ALBAÑIL,10,EQUIPO Y HERRAMIENTAS,equipo,MARTILLO,Un,1.0,40297.0,false
HERRAMIENTAS PARA ALBAÑIL,11,EQUIPO Y HERRAMIENTAS,equipo,"LIMA PLANA PARA USO GENERAL CON MANGO 8""",Un,1.0,25863.0,false
HERRAMIENTAS PARA CARPINTERO,1,EQUIPO Y HERRAMIENTAS,equipo,CINTA MÉTRICA x 5 m,Un,1.0,22090.0,false
HERRAMIENTAS PARA CARPINTERO,2,EQUIPO Y HERRAMIENTAS,equipo,NIVEL DE BURBUJA,Un,1.0,51165.0,false
HERRAMIENTAS PARA CARPINTERO,3,EQUIPO Y HERRAMIENTAS,equipo,SERRUCHO,Un,1.0,43269.0,false
HERRAMIENTAS PARA CARPINTERO,4,EQUIPO Y HERRAMIENTAS,equipo,MARTILLO,Un,1.0,40297.0,false
HERRAMIENTAS PARA CARPINTERO,5,EQUIPO Y HERRAMIENTAS,equipo,DESTORNILLADOR,Un,2.0,18035.0,false
HERRAMIENTAS PARA CARPINTERO,6,EQUIPO Y HERRAMIENTAS,equipo,"CEPILLO 9¾"" 12-174 GLOBAL CORRUGADO ACERO",Un,1.0,199576.0,false
HERRAMIENTAS PARA CARPINTERO,7,EQUIPO Y HERRAMIENTAS,equipo,"LIMA PLANA PARA USO GENERAL CON MANGO 8""",Un,1.0,25863.0,false
HERRAMIENTAS PARA ELECTRICISTA,1,EQUIPO Y HERRAMIENTAS,equipo,ALICATE,Un,1.0,49584.0,false
HERRAMIENTAS PARA ELECTRICISTA,2,EQUIPO Y HERRAMIENTAS,equipo,ALICATE DE PUNTA LARGA,Un,1.0,49583.0,false
HERRAMIENTAS PARA ELECTRICISTA,3,EQUIPO Y HERRAMIENTAS,equipo,ALICATE CORTA FRÍO,Un,1.0,60051.0,false
HERRAMIENTAS PARA ELECTRICISTA,4,EQUIPO Y HERRAMIENTAS,equipo,PELACABLES,Un,1.0,25518.0,false
HERRAMIENTAS PARA ELECTRICISTA,5,EQUIPO Y HERRAMIENTAS,equipo,DESTORNILLADOR,Un,2.0,18035.0,false
HERRAMIENTAS PARA ELECTRICISTA,6,EQUIPO Y HERRAMIENTAS,equipo,DETECTOR DE VOLTAJE,Un,1.0,24188.0,false
HERRAMIENTAS PARA ELECTRICISTA,7,EQUIPO Y HERRAMIENTAS,equipo,MULTÍMETRO DIGITAL,Un,1.0,85999.0,false
HERRAMIENTAS PARA HERRERO,1,EQUIPO Y HERRAMIENTAS,equipo,CINTA MÉTRICA x 5 m,Un,1.0,22090.0,false
HERRAMIENTAS PARA HERRERO,2,EQUIPO Y HERRAMIENTAS,equipo,MARCO SEGUETA FIJO,Un,1.0,34434.0,false
HERRAMIENTAS PARA HERRERO,3,EQUIPO Y HERRAMIENTAS,equipo,DOBLADORA DE ESTRIBOS MANUAL,Un,1.0,177912.0,false
HERRAMIENTAS PARA HERRERO,4,EQUIPO Y HERRAMIENTAS,equipo,YUNQUE,Un,1.0,112351.0,false
HERRAMIENTAS PARA HERRERO,5,EQUIPO Y HERRAMIENTAS,equipo,AMARRADOR DE VARILLA,Un,2.0,18975.0,false
HERRAMIENTAS PARA HERRERO,6,EQUIPO Y HERRAMIENTAS,equipo,CEPILLO DE ALAMBRE,Un,2.0,31851.0,false
HERRAMIENTAS PARA PINTOR,1,EQUIPO Y HERRAMIENTAS,equipo,"ESPÁTULA DE METAL 4""",Un,1.0,24123.0,false
HERRAMIENTAS PARA PINTOR,2,EQUIPO Y HERRAMIENTAS,equipo,"LLANA METÁLICA LISA MANGO MADERA 11"" x 5 """,Un,1.0,31578.0,false
HERRAMIENTAS PARA PINTOR,3,EQUIPO Y HERRAMIENTAS,equipo,BANDEJA PLÁSTICA PARA PINTURA,Un,1.0,14647.0,false
HERRAMIENTAS PARA PINTOR,4,EQUIPO Y HERRAMIENTAS,equipo,"BROCHA 2""",Un,1.0,9096.0,false
HERRAMIENTAS PARA PINTOR,5,EQUIPO Y HERRAMIENTAS,equipo,"BROCHA 4""",Un,1.0,18680.0,false
HERRAMIENTAS PARA PINTOR,6,EQUIPO Y HERRAMIENTAS,equipo,RODILLO FELPA PARA PINTURA,Un,1.0,16983.0,false
HERRAMIENTAS PARA PINTOR,7,EQUIPO Y HERRAMIENTAS,equipo,ALARGADOR RODILLO PINTURA,Un,1.0,67051.0,false
HERRAMIENTAS PARA PINTOR,8,EQUIPO Y HERRAMIENTAS,equipo,CINTA MÉTRICA x 5 m,Un,1.0,22090.0,false
HERRAMIENTAS PARA PLOMERO,1,EQUIPO Y HERRAMIENTAS,equipo,"LLAVE EXPANSIÓN 12""",Un,1.0,87324.0,false
HERRAMIENTAS PARA PLOMERO,2,EQUIPO Y HERRAMIENTAS,equipo,"LLAVE STILLSON 12""",Un,1.0,97472.0,false
HERRAMIENTAS PARA PLOMERO,3,EQUIPO Y HERRAMIENTAS,equipo,"ALICATE ARTICULADO PICO LORO 10""",Un,1.0,90970.0,false
HERRAMIENTAS PARA PLOMERO,4,EQUIPO Y HERRAMIENTAS,equipo,ALICATE HOMBRESOLO,Un,1.0,44952.0,false
HERRAMIENTAS PARA PLOMERO,5,EQUIPO Y HERRAMIENTAS,equipo,MARCO SEGUETA FIJO,Un,1.0,34434.0,false
HERRAMIENTAS PARA PLOMERO,6,EQUIPO Y HERRAMIENTAS,equipo,CINTA MÉTRICA x 5 m,Un,1.0,22090.0,false
DOTACIÓN LABORAL,1,VESTIDO,mano_obra,PANTALÓN DE TRABAJO,Un,1.0,61038.0,false
DOTACIÓN LABORAL,2,VESTIDO,mano_obra,CAMISA DE TRABAJO,Un,1.0,26541.0,false
DOTACIÓN LABORAL,3,ZAPATOS,mano_obra,BOTAS DE SEGURIDAD,Par,1.0,108101.0,false
SEGURIDAD INDUSTRIAL,1,ELEMENTOS DE PROTECCIÓN PERSONAL (EPP),otro,CHALECO REFLECTIVO,Un,1.0,34302.0,false
SEGURIDAD INDUSTRIAL,2,ELEMENTOS DE PROTECCIÓN PERSONAL (EPP),otro,CASCO DE SEGURIDAD,Un,1.0,41522.0,false
SEGURIDAD INDUSTRIAL,3,ELEMENTOS DE PROTECCIÓN PERSONAL (EPP),otro,TAPABOCAS,Un,1.0,260.0,false
SEGURIDAD INDUSTRIAL,4,ELEMENTOS DE PROTECCIÓN PERSONAL (EPP),otro,TAPÓN PARA OIDO,Un,1.0,2576.0,false
SEGURIDAD INDUSTRIAL,5,ELEMENTOS DE PROTECCIÓN PERSONAL (EPP),otro,GAFAS DE SEGURIDAD,Un,1.0,8406.0,false
SEGURIDAD INDUSTRIAL,6,ELEMENTOS DE PROTECCIÓN PERSONAL (EPP),otro,GUANTES VAQUETA,Par,1.0,13304.0,false
SEGURIDAD INDUSTRIAL PARA SOLDADOR,1,ELEMENTOS DE PROTECCIÓN PERSONAL (EPP),otro,PETO O DELANTAL SOLDADOR,Un,1.0,58336.0,false
SEGURIDAD INDUSTRIAL PARA SOLDADOR,2,ELEMENTOS DE PROTECCIÓN PERSONAL (EPP),otro,MANGAS DE CARNAZA,Par,1.0,71240.0,false
SEGURIDAD INDUSTRIAL PARA SOLDADOR,3,ELEMENTOS DE PROTECCIÓN PERSONAL (EPP),otro,POLAINAS DE CARNAZA,Par,1.0,71240.0,false
SEGURIDAD INDUSTRIAL PARA SOLDADOR,4,ELEMENTOS DE PROTECCIÓN PERSONAL (EPP),otro,GORRO LEGIONARIO SOLDADOR,Un,1.0,53014.0,false
SEGURIDAD INDUSTRIAL PARA SOLDADOR,5,ELEMENTOS DE PROTECCIÓN PERSONAL (EPP),otro,GUANTES SOLDADOR DE CARNAZA,Par,1.0,54902.0,false
SEGURIDAD INDUSTRIAL PARA SOLDADOR,6,ELEMENTOS DE PROTECCIÓN PERSONAL (EPP),otro,CARETA PARA SOLDAR CON VISOR,Un,1.0,44710.0,false
AYUDANTE (Incl. prestaciones),1,MANO DE OBRA,mano_obra,AYUDANTE,Mes,0.033333,1750905.0,false
AYUDANTE (Incl. prestaciones),2,MANO DE OBRA,mano_obra,AUXILIO DE TRANSPORTE,Mes,0.033333,249095.0,false
AYUDANTE (Incl. prestaciones),3,SEGURIDAD SOCIAL,mano_obra,SALUD,%S,12.5,58362.92,true
AYUDANTE (Incl. prestaciones),4,SEGURIDAD SOCIAL,mano_obra,PENSIÓN,%S,16.0,58362.92,true
AYUDANTE (Incl. prestaciones),5,SEGURIDAD SOCIAL,mano_obra,RIESGOS PROFESIONALES,%S,6.96,58362.92,true
AYUDANTE (Incl. prestaciones),6,PRESTACIONES SOCIALES,mano_obra,CESANTÍAS,%,8.3333,66666.0,true
AYUDANTE (Incl. prestaciones),7,PRESTACIONES SOCIALES,mano_obra,INTERESES DE CESANTÍAS,%,0.0333,5555.48,true
AYUDANTE (Incl. prestaciones),8,PRESTACIONES SOCIALES,mano_obra,VACACIONES,%,4.1667,58362.92,true
AYUDANTE (Incl. prestaciones),9,PRESTACIONES SOCIALES,mano_obra,PRIMA LEGAL,%,8.3333,66666.0,true
AYUDANTE (Incl. prestaciones),10,APORTES PARAFISCALES,mano_obra,CAJA DE COMPENSACIÓN FAMILIAR,%S,4.0,58362.92,true
AYUDANTE (Incl. prestaciones),11,APORTES PARAFISCALES,mano_obra,ICBF,%S,3.0,58362.92,true
AYUDANTE (Incl. prestaciones),12,APORTES PARAFISCALES,mano_obra,SENA,%S,2.0,58362.92,true
AYUDANTE (Incl. prestaciones),13,APORTES PARAFISCALES,mano_obra,FIC (Fondo Nacional de Formación Profesional de la Industria de la Construcción),%S,2.5,58362.92,true
AYUDANTE (Incl. prestaciones),14,OTROS,otro,DOTACIÓN LABORAL,Un,0.008333,195680.0,false
AYUDANTE (Incl. prestaciones),15,OTROS,otro,SEGURIDAD INDUSTRIAL,Un,0.008333,100370.0,false
AYUDANTE PRÁCTICO (Incl. prestaciones),1,MANO DE OBRA,mano_obra,AYUDANTE PRÁCTICO,Mes,0.033333,1950905.0,false
AYUDANTE PRÁCTICO (Incl. prestaciones),2,MANO DE OBRA,mano_obra,AUXILIO DE TRANSPORTE,Mes,0.033333,249095.0,false
AYUDANTE PRÁCTICO (Incl. prestaciones),3,SEGURIDAD SOCIAL,mano_obra,SALUD,%S,12.5,65029.52,true
AYUDANTE PRÁCTICO (Incl. prestaciones),4,SEGURIDAD SOCIAL,mano_obra,PENSIÓN,%S,16.0,65029.52,true
AYUDANTE PRÁCTICO (Incl. prestaciones),5,SEGURIDAD SOCIAL,mano_obra,RIESGOS PROFESIONALES,%S,6.96,65029.52,true
AYUDANTE PRÁCTICO (Incl. prestaciones),6,PRESTACIONES SOCIALES,mano_obra,CESANTÍAS,%,8.3333,73332.6,true
AYUDANTE PRÁCTICO (Incl. prestaciones),7,PRESTACIONES SOCIALES,mano_obra,INTERESES DE CESANTÍAS,%,0.0333,6111.03,true
AYUDANTE PRÁCTICO (Incl. prestaciones),8,PRESTACIONES SOCIALES,mano_obra,VACACIONES,%,4.1667,65029.52,true
AYUDANTE PRÁCTICO (Incl. prestaciones),9,PRESTACIONES SOCIALES,mano_obra,PRIMA LEGAL,%,8.3333,73332.6,true
AYUDANTE PRÁCTICO (Incl. prestaciones),10,APORTES PARAFISCALES,mano_obra,CAJA DE COMPENSACIÓN FAMILIAR,%S,4.0,65029.52,true
AYUDANTE PRÁCTICO (Incl. prestaciones),11,APORTES PARAFISCALES,mano_obra,ICBF,%S,3.0,65029.52,true
AYUDANTE PRÁCTICO (Incl. prestaciones),12,APORTES PARAFISCALES,mano_obra,SENA,%S,2.0,65029.52,true
AYUDANTE PRÁCTICO (Incl. prestaciones),13,APORTES PARAFISCALES,mano_obra,FIC (Fondo Nacional de Formación Profesional de la Industria de la Construcción),%S,2.5,65029.52,true
AYUDANTE PRÁCTICO (Incl. prestaciones),14,OTROS,otro,DOTACIÓN LABORAL,Un,0.008333,195680.0,false
AYUDANTE PRÁCTICO (Incl. prestaciones),15,OTROS,otro,SEGURIDAD INDUSTRIAL,Un,0.008333,100370.0,false
CADENERO (Incl. prestaciones),1,MANO DE OBRA,mano_obra,CADENERO,Mes,0.033333,1850905.0,false
CADENERO (Incl. prestaciones),2,MANO DE OBRA,mano_obra,AUXILIO DE TRANSPORTE,Mes,0.033333,249095.0,false
CADENERO (Incl. prestaciones),3,SEGURIDAD SOCIAL,mano_obra,SALUD,%S,12.5,61696.22,true
CADENERO (Incl. prestaciones),4,SEGURIDAD SOCIAL,mano_obra,PENSIÓN,%S,16.0,61696.22,true
CADENERO (Incl. prestaciones),5,SEGURIDAD SOCIAL,mano_obra,RIESGOS PROFESIONALES,%S,6.96,61696.22,true
CADENERO (Incl. prestaciones),6,PRESTACIONES SOCIALES,mano_obra,CESANTÍAS,%,8.3333,69999.3,true
CADENERO (Incl. prestaciones),7,PRESTACIONES SOCIALES,mano_obra,INTERESES DE CESANTÍAS,%,0.0333,5833.25,true
CADENERO (Incl. prestaciones),8,PRESTACIONES SOCIALES,mano_obra,VACACIONES,%,4.1667,61696.22,true
CADENERO (Incl. prestaciones),9,PRESTACIONES SOCIALES,mano_obra,PRIMA LEGAL,%,8.3333,69999.3,true
CADENERO (Incl. prestaciones),10,APORTES PARAFISCALES,mano_obra,CAJA DE COMPENSACIÓN FAMILIAR,%S,4.0,61696.22,true
CADENERO (Incl. prestaciones),11,APORTES PARAFISCALES,mano_obra,ICBF,%S,3.0,61696.22,true
CADENERO (Incl. prestaciones),12,APORTES PARAFISCALES,mano_obra,SENA,%S,2.0,61696.22,true
CADENERO (Incl. prestaciones),13,OTROS,otro,DOTACIÓN LABORAL,Un,0.008333,195680.0,false
CADENERO (Incl. prestaciones),14,OTROS,otro,SEGURIDAD INDUSTRIAL,Un,0.008333,100370.0,false
CARPINTERO (Incl. prestaciones),1,MANO DE OBRA,mano_obra,CARPINTERO,Mes,0.033333,2050905.0,false
CARPINTERO (Incl. prestaciones),2,MANO DE OBRA,mano_obra,AUXILIO DE TRANSPORTE,Mes,0.033333,249095.0,false
CARPINTERO (Incl. prestaciones),3,SEGURIDAD SOCIAL,mano_obra,SALUD,%S,12.5,68362.82,true
CARPINTERO (Incl. prestaciones),4,SEGURIDAD SOCIAL,mano_obra,PENSIÓN,%S,16.0,68362.82,true
CARPINTERO (Incl. prestaciones),5,SEGURIDAD SOCIAL,mano_obra,RIESGOS PROFESIONALES,%S,6.96,68362.82,true
CARPINTERO (Incl. prestaciones),6,PRESTACIONES SOCIALES,mano_obra,CESANTÍAS,%,8.3333,76665.9,true
CARPINTERO (Incl. prestaciones),7,PRESTACIONES SOCIALES,mano_obra,INTERESES DE CESANTÍAS,%,0.0333,6388.8,true
CARPINTERO (Incl. prestaciones),8,PRESTACIONES SOCIALES,mano_obra,VACACIONES,%,4.1667,68362.82,true
CARPINTERO (Incl. prestaciones),9,PRESTACIONES SOCIALES,mano_obra,PRIMA LEGAL,%,8.3333,76665.9,true
CARPINTERO (Incl. prestaciones),10,APORTES PARAFISCALES,mano_obra,CAJA DE COMPENSACIÓN FAMILIAR,%S,4.0,68362.82,true
CARPINTERO (Incl. prestaciones),11,APORTES PARAFISCALES,mano_obra,ICBF,%S,3.0,68362.82,true
CARPINTERO (Incl. prestaciones),12,APORTES PARAFISCALES,mano_obra,SENA,%S,2.0,68362.82,true
CARPINTERO (Incl. prestaciones),13,APORTES PARAFISCALES,mano_obra,FIC (Fondo Nacional de Formación Profesional de la Industria de la Construcción),%S,2.5,68362.82,true
CARPINTERO (Incl. prestaciones),14,OTROS,otro,DOTACIÓN LABORAL,Un,0.008333,195680.0,false
CARPINTERO (Incl. prestaciones),15,OTROS,otro,SEGURIDAD INDUSTRIAL,Un,0.008333,100370.0,false
HERRERO (Incl. prestaciones),1,MANO DE OBRA,mano_obra,HERRERO,Mes,0.033333,2050905.0,false
HERRERO (Incl. prestaciones),2,MANO DE OBRA,mano_obra,AUXILIO DE TRANSPORTE,Mes,0.033333,249095.0,false
HERRERO (Incl. prestaciones),3,SEGURIDAD SOCIAL,mano_obra,SALUD,%S,12.5,68362.82,true
HERRERO (Incl. prestaciones),4,SEGURIDAD SOCIAL,mano_obra,PENSIÓN,%S,16.0,68362.82,true
HERRERO (Incl. prestaciones),5,SEGURIDAD SOCIAL,mano_obra,RIESGOS PROFESIONALES,%S,6.96,68362.82,true
HERRERO (Incl. prestaciones),6,PRESTACIONES SOCIALES,mano_obra,CESANTÍAS,%,8.3333,76665.9,true
HERRERO (Incl. prestaciones),7,PRESTACIONES SOCIALES,mano_obra,INTERESES DE CESANTÍAS,%,0.0333,6388.8,true
HERRERO (Incl. prestaciones),8,PRESTACIONES SOCIALES,mano_obra,VACACIONES,%,4.1667,68362.82,true
HERRERO (Incl. prestaciones),9,PRESTACIONES SOCIALES,mano_obra,PRIMA LEGAL,%,8.3333,76665.9,true
HERRERO (Incl. prestaciones),10,APORTES PARAFISCALES,mano_obra,CAJA DE COMPENSACIÓN FAMILIAR,%S,4.0,68362.82,true
HERRERO (Incl. prestaciones),11,APORTES PARAFISCALES,mano_obra,ICBF,%S,3.0,68362.82,true
HERRERO (Incl. prestaciones),12,APORTES PARAFISCALES,mano_obra,SENA,%S,2.0,68362.82,true
HERRERO (Incl. prestaciones),13,APORTES PARAFISCALES,mano_obra,FIC (Fondo Nacional de Formación Profesional de la Industria de la Construcción),%S,2.5,68362.82,true
HERRERO (Incl. prestaciones),14,OTROS,otro,DOTACIÓN LABORAL,Un,0.008333,195680.0,false
HERRERO (Incl. prestaciones),15,OTROS,otro,SEGURIDAD INDUSTRIAL,Un,0.008333,100370.0,false
OFICIAL (Incl. prestaciones),1,MANO DE OBRA,mano_obra,OFICIAL,Mes,0.033333,2250905.0,false
OFICIAL (Incl. prestaciones),2,MANO DE OBRA,mano_obra,AUXILIO DE TRANSPORTE,Mes,0.033333,249095.0,false
OFICIAL (Incl. prestaciones),3,SEGURIDAD SOCIAL,mano_obra,SALUD,%S,12.5,75029.42,true
OFICIAL (Incl. prestaciones),4,SEGURIDAD SOCIAL,mano_obra,PENSIÓN,%S,16.0,75029.42,true
OFICIAL (Incl. prestaciones),5,SEGURIDAD SOCIAL,mano_obra,RIESGOS PROFESIONALES,%S,6.96,75029.42,true
OFICIAL (Incl. prestaciones),6,PRESTACIONES SOCIALES,mano_obra,CESANTÍAS,%,8.3333,83332.5,true
OFICIAL (Incl. prestaciones),7,PRESTACIONES SOCIALES,mano_obra,INTERESES DE CESANTÍAS,%,0.0333,6944.35,true
OFICIAL (Incl. prestaciones),8,PRESTACIONES SOCIALES,mano_obra,VACACIONES,%,4.1667,75029.42,true
OFICIAL (Incl. prestaciones),9,PRESTACIONES SOCIALES,mano_obra,PRIMA LEGAL,%,8.3333,83332.5,true
OFICIAL (Incl. prestaciones),10,APORTES PARAFISCALES,mano_obra,CAJA DE COMPENSACIÓN FAMILIAR,%S,4.0,75029.42,true
OFICIAL (Incl. prestaciones),11,APORTES PARAFISCALES,mano_obra,ICBF,%S,3.0,75029.42,true
OFICIAL (Incl. prestaciones),12,APORTES PARAFISCALES,mano_obra,SENA,%S,2.0,75029.42,true
OFICIAL (Incl. prestaciones),13,APORTES PARAFISCALES,mano_obra,FIC (Fondo Nacional de Formación Profesional de la Industria de la Construcción),%S,2.5,75029.42,true
OFICIAL (Incl. prestaciones),14,OTROS,otro,DOTACIÓN LABORAL,Un,0.008333,195680.0,false
OFICIAL (Incl. prestaciones),15,OTROS,otro,SEGURIDAD INDUSTRIAL,Un,0.008333,100370.0,false
OPERARIO SOLDADOR (Incl. prestaciones),1,MANO DE OBRA,mano_obra,OPERARIO SOLDADOR,Mes,0.033333,2150905.0,false
OPERARIO SOLDADOR (Incl. prestaciones),2,MANO DE OBRA,mano_obra,AUXILIO DE TRANSPORTE,Mes,0.033333,249095.0,false
OPERARIO SOLDADOR (Incl. prestaciones),3,SEGURIDAD SOCIAL,mano_obra,SALUD,%S,12.5,71696.12,true
OPERARIO SOLDADOR (Incl. prestaciones),4,SEGURIDAD SOCIAL,mano_obra,PENSIÓN,%S,16.0,71696.12,true
OPERARIO SOLDADOR (Incl. prestaciones),5,SEGURIDAD SOCIAL,mano_obra,RIESGOS PROFESIONALES,%S,6.96,71696.12,true
OPERARIO SOLDADOR (Incl. prestaciones),6,PRESTACIONES SOCIALES,mano_obra,CESANTÍAS,%,8.3333,79999.2,true
OPERARIO SOLDADOR (Incl. prestaciones),7,PRESTACIONES SOCIALES,mano_obra,INTERESES DE CESANTÍAS,%,0.0333,6666.57,true
OPERARIO SOLDADOR (Incl. prestaciones),8,PRESTACIONES SOCIALES,mano_obra,VACACIONES,%,4.1667,71696.12,true
OPERARIO SOLDADOR (Incl. prestaciones),9,PRESTACIONES SOCIALES,mano_obra,PRIMA LEGAL,%,8.3333,79999.2,true
OPERARIO SOLDADOR (Incl. prestaciones),10,APORTES PARAFISCALES,mano_obra,CAJA DE COMPENSACIÓN FAMILIAR,%S,4.0,71696.12,true
OPERARIO SOLDADOR (Incl. prestaciones),11,APORTES PARAFISCALES,mano_obra,ICBF,%S,3.0,71696.12,true
OPERARIO SOLDADOR (Incl. prestaciones),12,APORTES PARAFISCALES,mano_obra,SENA,%S,2.0,71696.12,true
OPERARIO SOLDADOR (Incl. prestaciones),13,APORTES PARAFISCALES,mano_obra,FIC (Fondo Nacional de Formación Profesional de la Industria de la Construcción),%S,2.5,71696.12,true
OPERARIO SOLDADOR (Incl. prestaciones),14,OTROS,otro,DOTACIÓN LABORAL,Un,0.008333,195680.0,false
OPERARIO SOLDADOR (Incl. prestaciones),15,OTROS,otro,SEGURIDAD INDUSTRIAL PARA SOLDADOR,Un,0.008333,353442.0,false
PINTOR (Incl. prestaciones),1,MANO DE OBRA,mano_obra,PINTOR,Mes,0.033333,2050905.0,false
PINTOR (Incl. prestaciones),2,MANO DE OBRA,mano_obra,AUXILIO DE TRANSPORTE,Mes,0.033333,249095.0,false
PINTOR (Incl. prestaciones),3,SEGURIDAD SOCIAL,mano_obra,SALUD,%S,12.5,68362.82,true
PINTOR (Incl. prestaciones),4,SEGURIDAD SOCIAL,mano_obra,PENSIÓN,%S,16.0,68362.82,true
PINTOR (Incl. prestaciones),5,SEGURIDAD SOCIAL,mano_obra,RIESGOS PROFESIONALES,%S,6.96,68362.82,true
PINTOR (Incl. prestaciones),6,PRESTACIONES SOCIALES,mano_obra,CESANTÍAS,%,8.3333,76665.9,true
PINTOR (Incl. prestaciones),7,PRESTACIONES SOCIALES,mano_obra,INTERESES DE CESANTÍAS,%,0.0333,6388.8,true
PINTOR (Incl. prestaciones),8,PRESTACIONES SOCIALES,mano_obra,VACACIONES,%,4.1667,68362.82,true
PINTOR (Incl. prestaciones),9,PRESTACIONES SOCIALES,mano_obra,PRIMA LEGAL,%,8.3333,76665.9,true
PINTOR (Incl. prestaciones),10,APORTES PARAFISCALES,mano_obra,CAJA DE COMPENSACIÓN FAMILIAR,%S,4.0,68362.82,true
PINTOR (Incl. prestaciones),11,APORTES PARAFISCALES,mano_obra,ICBF,%S,3.0,68362.82,true
PINTOR (Incl. prestaciones),12,APORTES PARAFISCALES,mano_obra,SENA,%S,2.0,68362.82,true
PINTOR (Incl. prestaciones),13,APORTES PARAFISCALES,mano_obra,FIC (Fondo Nacional de Formación Profesional de la Industria de la Construcción),%S,2.5,68362.82,true
PINTOR (Incl. prestaciones),14,OTROS,otro,DOTACIÓN LABORAL,Un,0.008333,195680.0,false
PINTOR (Incl. prestaciones),15,OTROS,otro,SEGURIDAD INDUSTRIAL,Un,0.008333,100370.0,false
PLOMERO (Incl. prestaciones),1,MANO DE OBRA,mano_obra,PLOMERO,Mes,0.033333,2150905.0,false
PLOMERO (Incl. prestaciones),2,MANO DE OBRA,mano_obra,AUXILIO DE TRANSPORTE,Mes,0.033333,249095.0,false
PLOMERO (Incl. prestaciones),3,SEGURIDAD SOCIAL,mano_obra,SALUD,%S,12.5,71696.12,true
PLOMERO (Incl. prestaciones),4,SEGURIDAD SOCIAL,mano_obra,PENSIÓN,%S,16.0,71696.12,true
PLOMERO (Incl. prestaciones),5,SEGURIDAD SOCIAL,mano_obra,RIESGOS PROFESIONALES,%S,6.96,71696.12,true
PLOMERO (Incl. prestaciones),6,PRESTACIONES SOCIALES,mano_obra,CESANTÍAS,%,8.3333,79999.2,true
PLOMERO (Incl. prestaciones),7,PRESTACIONES SOCIALES,mano_obra,INTERESES DE CESANTÍAS,%,0.0333,6666.57,true
PLOMERO (Incl. prestaciones),8,PRESTACIONES SOCIALES,mano_obra,VACACIONES,%,4.1667,71696.12,true
PLOMERO (Incl. prestaciones),9,PRESTACIONES SOCIALES,mano_obra,PRIMA LEGAL,%,8.3333,79999.2,true
PLOMERO (Incl. prestaciones),10,APORTES PARAFISCALES,mano_obra,CAJA DE COMPENSACIÓN FAMILIAR,%S,4.0,71696.12,true
PLOMERO (Incl. prestaciones),11,APORTES PARAFISCALES,mano_obra,ICBF,%S,3.0,71696.12,true
PLOMERO (Incl. prestaciones),12,APORTES PARAFISCALES,mano_obra,SENA,%S,2.0,71696.12,true
PLOMERO (Incl. prestaciones),13,APORTES PARAFISCALES,mano_obra,FIC (Fondo Nacional de Formación Profesional de la Industria de la Construcción),%S,2.5,71696.12,true
PLOMERO (Incl. prestaciones),14,OTROS,otro,DOTACIÓN LABORAL,Un,0.008333,195680.0,false
PLOMERO (Incl. prestaciones),15,OTROS,otro,SEGURIDAD INDUSTRIAL,Un,0.008333,100370.0,false
TÉCNICO ELECTRICISTA (Incl. prestaciones),1,MANO DE OBRA,mano_obra,TÉCNICO ELECTRICISTA,Mes,0.033333,2250905.0,false
TÉCNICO ELECTRICISTA (Incl. prestaciones),2,MANO DE OBRA,mano_obra,AUXILIO DE TRANSPORTE,Mes,0.033333,249095.0,false
TÉCNICO ELECTRICISTA (Incl. prestaciones),3,SEGURIDAD SOCIAL,mano_obra,SALUD,%S,12.5,75029.42,true
TÉCNICO ELECTRICISTA (Incl. prestaciones),4,SEGURIDAD SOCIAL,mano_obra,PENSIÓN,%S,16.0,75029.42,true
TÉCNICO ELECTRICISTA (Incl. prestaciones),5,SEGURIDAD SOCIAL,mano_obra,RIESGOS PROFESIONALES,%S,6.96,75029.42,true
TÉCNICO ELECTRICISTA (Incl. prestaciones),6,PRESTACIONES SOCIALES,mano_obra,CESANTÍAS,%,8.3333,83332.5,true
TÉCNICO ELECTRICISTA (Incl. prestaciones),7,PRESTACIONES SOCIALES,mano_obra,INTERESES DE CESANTÍAS,%,0.0333,6944.35,true
TÉCNICO ELECTRICISTA (Incl. prestaciones),8,PRESTACIONES SOCIALES,mano_obra,VACACIONES,%,4.1667,75029.42,true
TÉCNICO ELECTRICISTA (Incl. prestaciones),9,PRESTACIONES SOCIALES,mano_obra,PRIMA LEGAL,%,8.3333,83332.5,true
TÉCNICO ELECTRICISTA (Incl. prestaciones),10,APORTES PARAFISCALES,mano_obra,CAJA DE COMPENSACIÓN FAMILIAR,%S,4.0,75029.42,true
TÉCNICO ELECTRICISTA (Incl. prestaciones),11,APORTES PARAFISCALES,mano_obra,ICBF,%S,3.0,75029.42,true
TÉCNICO ELECTRICISTA (Incl. prestaciones),12,APORTES PARAFISCALES,mano_obra,SENA,%S,2.0,75029.42,true
TÉCNICO ELECTRICISTA (Incl. prestaciones),13,APORTES PARAFISCALES,mano_obra,FIC (Fondo Nacional de Formación Profesional de la Industria de la Construcción),%S,2.5,75029.42,true
TÉCNICO ELECTRICISTA (Incl. prestaciones),14,OTROS,otro,DOTACIÓN LABORAL,Un,0.008333,195680.0,false
TÉCNICO ELECTRICISTA (Incl. prestaciones),15,OTROS,otro,SEGURIDAD INDUSTRIAL,Un,0.008333,100370.0,false
TOPÓGRAFO (Incl. prestaciones),1,MANO DE OBRA,mano_obra,TOPÓGRAFO,Mes,0.033333,2950905.0,false
TOPÓGRAFO (Incl. prestaciones),2,SEGURIDAD SOCIAL,mano_obra,SALUD,%S,12.5,98362.52,true
TOPÓGRAFO (Incl. prestaciones),3,SEGURIDAD SOCIAL,mano_obra,PENSIÓN,%S,16.0,98362.52,true
TOPÓGRAFO (Incl. prestaciones),4,SEGURIDAD SOCIAL,mano_obra,RIESGOS PROFESIONALES,%S,6.96,98362.52,true
TOPÓGRAFO (Incl. prestaciones),5,PRESTACIONES SOCIALES,mano_obra,CESANTÍAS,%,8.3333,98362.52,true
TOPÓGRAFO (Incl. prestaciones),6,PRESTACIONES SOCIALES,mano_obra,INTERESES DE CESANTÍAS,%,0.0333,8196.84,true
TOPÓGRAFO (Incl. prestaciones),7,PRESTACIONES SOCIALES,mano_obra,VACACIONES,%,4.1667,98362.52,true
TOPÓGRAFO (Incl. prestaciones),8,PRESTACIONES SOCIALES,mano_obra,PRIMA LEGAL,%,8.3333,98362.52,true
TOPÓGRAFO (Incl. prestaciones),9,APORTES PARAFISCALES,mano_obra,CAJA DE COMPENSACIÓN FAMILIAR,%S,4.0,98362.52,true
TOPÓGRAFO (Incl. prestaciones),10,APORTES PARAFISCALES,mano_obra,ICBF,%S,3.0,98362.52,true
TOPÓGRAFO (Incl. prestaciones),11,APORTES PARAFISCALES,mano_obra,SENA,%S,2.0,98362.52,true
TOPÓGRAFO (Incl. prestaciones),12,OTROS,otro,SEGURIDAD INDUSTRIAL,Un,0.008333,100370.0,false
COMISIÓN TOPOGRÁFICA,1,MANO DE OBRA,mano_obra,TOPÓGRAFO (Incl. prestaciones),Día,1.0,163426.0,false
COMISIÓN TOPOGRÁFICA,2,MANO DE OBRA,mano_obra,CADENERO (Incl. prestaciones),Día,2.0,114136.0,false
CUADRILLA 1 OF + 1 AY,1,MANO DE OBRA,mano_obra,OFICIAL (Incl. prestaciones),Día,1.0,138051.0,false
CUADRILLA 1 OF + 1 AY,2,MANO DE OBRA,mano_obra,AYUDANTE (Incl. prestaciones),Día,1.0,110085.0,false
CUADRILLA 1 OF + 2 AY,1,MANO DE OBRA,mano_obra,OFICIAL (Incl. prestaciones),Día,1.0,138051.0,false
CUADRILLA 1 OF + 2 AY,2,MANO DE OBRA,mano_obra,AYUDANTE (Incl. prestaciones),Día,2.0,110085.0,false
CUADRILLA 1 OF + 3 AY,1,MANO DE OBRA,mano_obra,OFICIAL (Incl. prestaciones),Día,1.0,138051.0,false
CUADRILLA 1 OF + 3 AY,2,MANO DE OBRA,mano_obra,AYUDANTE (Incl. prestaciones),Día,3.0,110085.0,false
CUADRILLA 1 OF + 4 AY,1,MANO DE OBRA,mano_obra,OFICIAL (Incl. prestaciones),Día,1.0,138051.0,false
CUADRILLA 1 OF + 4 AY,2,MANO DE OBRA,mano_obra,AYUDANTE (Incl. prestaciones),Día,4.0,110085.0,false
CUADRILLA 1 OF + 5 AY,1,MANO DE OBRA,mano_obra,OFICIAL (Incl. prestaciones),Día,1.0,138051.0,false
CUADRILLA 1 OF + 5 AY,2,MANO DE OBRA,mano_obra,AYUDANTE (Incl. prestaciones),Día,5.0,110085.0,false
CUADRILLA 2 Ay,1,MANO DE OBRA,mano_obra,AYUDANTE (Incl. prestaciones),Día,2.0,110085.0,false
CUADRILLA 2 OF + 2 AY,1,MANO DE OBRA,mano_obra,OFICIAL (Incl. prestaciones),Día,2.0,138051.0,false
CUADRILLA 2 OF + 2 AY,2,MANO DE OBRA,mano_obra,AYUDANTE (Incl. prestaciones),Día,2.0,110085.0,false
CUADRILLA 2 OF + 4 AY,1,MANO DE OBRA,mano_obra,OFICIAL (Incl. prestaciones),Día,2.0,138051.0,false
CUADRILLA 2 OF + 4 AY,2,MANO DE OBRA,mano_obra,AYUDANTE (Incl. prestaciones),Día,4.0,110085.0,false
CUADRILLA 2 OF + 5 AY,1,MANO DE OBRA,mano_obra,OFICIAL (Incl. prestaciones),Día,2.0,138051.0,false
CUADRILLA 2 OF + 5 AY,2,MANO DE OBRA,mano_obra,AYUDANTE (Incl. prestaciones),Día,5.0,110085.0,false
CUADRILLA 3 Ay,1,MANO DE OBRA,mano_obra,AYUDANTE (Incl. prestaciones),Día,3.0,110085.0,false
CUADRILLA 4 Ay,1,MANO DE OBRA,mano_obra,AYUDANTE (Incl. prestaciones),Día,4.0,110085.0,false
CUADRILLA CARPINTERÍA,1,MANO DE OBRA,mano_obra,CARPINTERO (Incl. prestaciones),Día,1.0,126864.0,false
CUADRILLA CARPINTERÍA,2,MANO DE OBRA,mano_obra,AYUDANTE PRÁCTICO (Incl. prestaciones),Día,1.0,121271.0,false
CUADRILLA ELECTRICISTA,1,MANO DE OBRA,mano_obra,TÉCNICO ELECTRICISTA (Incl. prestaciones),Día,1.0,138051.0,false
CUADRILLA ELECTRICISTA,2,MANO DE OBRA,mano_obra,AYUDANTE PRÁCTICO (Incl. prestaciones),Día,1.0,121271.0,false
CUADRILLA HERRERÍA,1,MANO DE OBRA,mano_obra,HERRERO (Incl. prestaciones),Día,2.0,126864.0,false
CUADRILLA HERRERÍA,2,MANO DE OBRA,mano_obra,AYUDANTE (Incl. prestaciones),Día,5.0,110085.0,false
CUADRILLA PINTURA,1,MANO DE OBRA,mano_obra,PINTOR (Incl. prestaciones),Día,1.0,126864.0,false
CUADRILLA PINTURA,2,MANO DE OBRA,mano_obra,AYUDANTE PRÁCTICO (Incl. prestaciones),Día,1.0,121271.0,false
CUADRILLA PLOMERÍA,1,MANO DE OBRA,mano_obra,PLOMERO (Incl. prestaciones),Día,1.0,132457.0,false
CUADRILLA PLOMERÍA,2,MANO DE OBRA,mano_obra,AYUDANTE PRÁCTICO (Incl. prestaciones),Día,1.0,121271.0,false
CUADRILLA SOLDADURA,1,MANO DE OBRA,mano_obra,OPERARIO SOLDADOR (Incl. prestaciones),Día,1.0,134566.0,false
CUADRILLA SOLDADURA,2,MANO DE OBRA,mano_obra,AYUDANTE PRÁCTICO (Incl. prestaciones),Día,1.0,121271.0,false
ACARREO MATERIALES PÉTREOS-TIERRA-VARIOS,1,TRANSPORTES,transporte,VOLQUETA 7 m3,Hr,0.0269,94940.0,false
CASETÓN EN ESTERILLA h= 20 cm,1,MATERIALES,material,ESTERILLA DE GUADUA 3.00x0.25 m,Un,1.47,7874.0,false
CASETÓN EN ESTERILLA h= 20 cm,2,MATERIALES,material,"LISTÓN 1"" x 2""",m,5.72,1439.0,false
CASETÓN EN ESTERILLA h= 20 cm,3,MATERIALES,material,"PUNTILLA 1 1/2"" a 3""",Lb,0.16,4233.0,false
CASETÓN EN ESTERILLA h= 20 cm,4,MATERIALES,material,ALAMBRE NEGRO Cal. 18,Kg,0.2,7480.68,false
CASETÓN EN ESTERILLA h= 20 cm,5,EQUIPO Y HERRAMIENTAS,equipo,HERRAMIENTAS PARA ALBAÑIL,Un,0.0002,351602.0,false
CASETÓN EN ESTERILLA h= 20 cm,6,TRANSPORTES,transporte,CAMIÓN 350,Hr,0.0063,65335.0,false
CASETÓN EN ESTERILLA h= 20 cm,7,MANO DE OBRA,mano_obra,CUADRILLA 1 OF + 1 AY,Día,0.024,248136.0,false
CASETÓN EN ESTERILLA h= 30 cm,1,MATERIALES,material,ESTERILLA DE GUADUA 3.00x0.25 m,Un,1.84,7874.0,false
CASETÓN EN ESTERILLA h= 30 cm,2,MATERIALES,material,"LISTÓN 1"" x 2""",m,7.15,1439.0,false
CASETÓN EN ESTERILLA h= 30 cm,3,MATERIALES,material,"PUNTILLA 1 1/2"" a 3""",Lb,0.2,4233.0,false
CASETÓN EN ESTERILLA h= 30 cm,4,MATERIALES,material,ALAMBRE NEGRO Cal. 18,Kg,0.25,7480.68,false
CASETÓN EN ESTERILLA h= 30 cm,5,EQUIPO Y HERRAMIENTAS,equipo,HERRAMIENTAS PARA ALBAÑIL,Un,0.0003,351602.0,false
CASETÓN EN ESTERILLA h= 30 cm,6,TRANSPORTES,transporte,CAMIÓN 350,Hr,0.0063,65335.0,false
CASETÓN EN ESTERILLA h= 30 cm,7,MANO DE OBRA,mano_obra,CUADRILLA 1 OF + 1 AY,Día,0.032,248136.0,false
CASETÓN EN ESTERILLA h= 35 cm,1,MATERIALES,material,ESTERILLA DE GUADUA 3.00x0.25 m,Un,2.07,7874.0,false
CASETÓN EN ESTERILLA h= 35 cm,2,MATERIALES,material,"LISTÓN 1"" x 2""",m,8.045,1439.0,false
CASETÓN EN ESTERILLA h= 35 cm,3,MATERIALES,material,"PUNTILLA 1 1/2"" a 3""",Lb,0.225,4233.0,false
CASETÓN EN ESTERILLA h= 35 cm,4,MATERIALES,material,ALAMBRE NEGRO Cal. 18,Kg,0.28,7480.68,false
CASETÓN EN ESTERILLA h= 35 cm,5,EQUIPO Y HERRAMIENTAS,equipo,HERRAMIENTAS PARA ALBAÑIL,Un,0.0004,351602.0,false
CASETÓN EN ESTERILLA h= 35 cm,6,TRANSPORTES,transporte,CAMIÓN 350,Hr,0.0063,65335.0,false
CASETÓN EN ESTERILLA h= 35 cm,7,MANO DE OBRA,mano_obra,CUADRILLA 1 OF + 1 AY,Día,0.036,248136.0,false
CASETÓN EN ESTERILLA h= 40 cm,1,MATERIALES,material,ESTERILLA DE GUADUA 3.00x0.25 m,Un,2.3,7874.0,false
CASETÓN EN ESTERILLA h= 40 cm,2,MATERIALES,material,"LISTÓN 1"" x 2""",m,8.94,1439.0,false
CASETÓN EN ESTERILLA h= 40 cm,3,MATERIALES,material,"PUNTILLA 1 1/2"" a 3""",Lb,0.25,4233.0,false
CASETÓN EN ESTERILLA h= 40 cm,4,MATERIALES,material,ALAMBRE NEGRO Cal. 18,Kg,0.31,7480.68,false
CASETÓN EN ESTERILLA h= 40 cm,5,EQUIPO Y HERRAMIENTAS,equipo,HERRAMIENTAS PARA ALBAÑIL,Un,0.0004,351602.0,false
CASETÓN EN ESTERILLA h= 40 cm,6,TRANSPORTES,transporte,CAMIÓN 350,Hr,0.0063,65335.0,false
CASETÓN EN ESTERILLA h= 40 cm,7,MANO DE OBRA,mano_obra,CUADRILLA 1 OF + 1 AY,Día,0.04,248136.0,false
CASETÓN EN ICOPOR h= 25 cm,1,MATERIALES,material,CASETÓN EN ICOPOR,m3,0.258,261992.0,false
CASETÓN EN ICOPOR h= 25 cm,2,MATERIALES,material,POLIETILENO NEGRO Cal. 3.5,m2,3.85,1269.0,false
CASETÓN EN ICOPOR h= 25 cm,3,EQUIPO Y HERRAMIENTAS,equipo,BISTURÍ,Un,0.0005,52502.0,false
CASETÓN EN ICOPOR h= 25 cm,4,EQUIPO Y HERRAMIENTAS,equipo,BOLSA INFLABLE,Un,0.05,12677.0,false
CASETÓN EN ICOPOR h= 25 cm,5,EQUIPO Y HERRAMIENTAS,equipo,HERRAMIENTAS PARA ALBAÑIL,Un,0.0003,351602.0,false
CASETÓN EN ICOPOR h= 25 cm,6,TRANSPORTES,transporte,CAMIÓN 350,Hr,0.0063,65335.0,false
CASETÓN EN ICOPOR h= 25 cm,7,MANO DE OBRA,mano_obra,CUADRILLA 1 OF + 2 AY,Día,0.027,358221.0,false
CASETÓN EN ICOPOR h= 35 cm,1,MATERIALES,material,CASETÓN EN ICOPOR,m3,0.361,261992.0,false
CASETÓN EN ICOPOR h= 35 cm,2,MATERIALES,material,POLIETILENO NEGRO Cal. 3.5,m2,4.4,1269.0,false
CASETÓN EN ICOPOR h= 35 cm,3,EQUIPO Y HERRAMIENTAS,equipo,BISTURÍ,Un,0.0007,52502.0,false
CASETÓN EN ICOPOR h= 35 cm,4,EQUIPO Y HERRAMIENTAS,equipo,BOLSA INFLABLE,Un,0.05,12677.0,false
CASETÓN EN ICOPOR h= 35 cm,5,EQUIPO Y HERRAMIENTAS,equipo,HERRAMIENTAS PARA ALBAÑIL,Un,0.0004,351602.0,false
CASETÓN EN ICOPOR h= 35 cm,6,TRANSPORTES,transporte,CAMIÓN 350,Hr,0.0063,65335.0,false
CASETÓN EN ICOPOR h= 35 cm,7,MANO DE OBRA,mano_obra,CUADRILLA 1 OF + 2 AY,Día,0.036,358221.0,false
CASETÓN EN ICOPOR h= 40 cm,1,MATERIALES,material,CASETÓN EN ICOPOR,m3,0.4125,261992.0,false
CASETÓN EN ICOPOR h= 40 cm,2,MATERIALES,material,POLIETILENO NEGRO Cal. 3.5,m2,4.675,1269.0,false
CASETÓN EN ICOPOR h= 40 cm,3,EQUIPO Y HERRAMIENTAS,equipo,BISTURÍ,Un,0.0008,52502.0,false
CASETÓN EN ICOPOR h= 40 cm,4,EQUIPO Y HERRAMIENTAS,equipo,BOLSA INFLABLE,Un,0.05,12677.0,false
CASETÓN EN ICOPOR h= 40 cm,5,EQUIPO Y HERRAMIENTAS,equipo,HERRAMIENTAS PARA ALBAÑIL,Un,0.0005,351602.0,false
CASETÓN EN ICOPOR h= 40 cm,6,TRANSPORTES,transporte,CAMIÓN 350,Hr,0.0063,65335.0,false
CASETÓN EN ICOPOR h= 40 cm,7,MANO DE OBRA,mano_obra,CUADRILLA 1 OF + 2 AY,Día,0.0405,358221.0,false
CASETÓN EN ICOPOR h= 45 cm,1,MATERIALES,material,CASETÓN EN ICOPOR,m3,0.464,261992.0,false
CASETÓN EN ICOPOR h= 45 cm,2,MATERIALES,material,POLIETILENO NEGRO Cal. 3.5,m2,4.95,1269.0,false
CASETÓN EN ICOPOR h= 45 cm,3,EQUIPO Y HERRAMIENTAS,equipo,BISTURÍ,Un,0.0009,52502.0,false
CASETÓN EN ICOPOR h= 45 cm,4,EQUIPO Y HERRAMIENTAS,equipo,BOLSA INFLABLE,Un,0.05,12677.0,false
CASETÓN EN ICOPOR h= 45 cm,5,EQUIPO Y HERRAMIENTAS,equipo,HERRAMIENTAS PARA ALBAÑIL,Un,0.0005,351602.0,false
CASETÓN EN ICOPOR h= 45 cm,6,TRANSPORTES,transporte,CAMIÓN 350,Hr,0.0063,65335.0,false
CASETÓN EN ICOPOR h= 45 cm,7,MANO DE OBRA,mano_obra,CUADRILLA 1 OF + 2 AY,Día,0.045,358221.0,false
CONCRETO 11.7 MPa,1,MATERIALES,material,CEMENTO GRIS,Kg,250.35,660.0,false
CONCRETO 11.7 MPa,2,MATERIALES,material,ARENA,m3,0.71,130014.0,false
CONCRETO 11.7 MPa,3,MATERIALES,material,"TRITURADO DE 3/4""",m3,0.7,134755.0,false
CONCRETO 11.7 MPa,4,MATERIALES,material,AGUA,Lt,211.97,79.0,false
CONCRETO 11.7 MPa,5,EQUIPO Y HERRAMIENTAS,equipo,CANECA METÁLICA DE 55 Gal,Un,0.0013,57969.0,false
CONCRETO 11.7 MPa,6,EQUIPO Y HERRAMIENTAS,equipo,"MANGUERA PARA AGUA Ø= 1/2"" x 50 m",Un,0.0013,64339.0,false
CONCRETO 11.7 MPa,7,EQUIPO Y HERRAMIENTAS,equipo,PALA REDONDA CON CABO,Un,0.0038,39378.0,false
CONCRETO 11.7 MPa,8,EQUIPO Y HERRAMIENTAS,equipo,BALDE CONSTRUCCIÓN,Un,0.0256,7080.0,false
CONCRETO 11.7 MPa,9,EQUIPO Y HERRAMIENTAS,equipo,EXTENSIÓN ELÉCTRICA ENCAUCHETADA 3x12 x 10 m,Un,0.0013,63480.0,false
CONCRETO 11.7 MPa,10,EQUIPO Y HERRAMIENTAS,equipo,CONCRETADORA ELÉCTRICA DE 1 SACO,Día,0.16,48287.0,false
CONCRETO 11.7 MPa,11,MANO DE OBRA,mano_obra,CUADRILLA 1 OF + 3 AY,Día,0.128,468306.0,false
CONCRETO 13.8 MPa,1,MATERIALES,material,CEMENTO GRIS,Kg,273.34,660.0,false
CONCRETO 13.8 MPa,2,MATERIALES,material,ARENA,m3,0.69,130014.0,false
CONCRETO 13.8 MPa,3,MATERIALES,material,"TRITURADO DE 3/4""",m3,0.7,134755.0,false
CONCRETO 13.8 MPa,4,MATERIALES,material,AGUA,Lt,211.63,79.0,false
CONCRETO 13.8 MPa,5,EQUIPO Y HERRAMIENTAS,equipo,CANECA METÁLICA DE 55 Gal,Un,0.0014,57969.0,false
CONCRETO 13.8 MPa,6,EQUIPO Y HERRAMIENTAS,equipo,"MANGUERA PARA AGUA Ø= 1/2"" x 50 m",Un,0.0014,64339.0,false
CONCRETO 13.8 MPa,7,EQUIPO Y HERRAMIENTAS,equipo,PALA REDONDA CON CABO,Un,0.0041,39378.0,false
CONCRETO 13.8 MPa,8,EQUIPO Y HERRAMIENTAS,equipo,BALDE CONSTRUCCIÓN,Un,0.0272,7080.0,false
CONCRETO 13.8 MPa,9,EQUIPO Y HERRAMIENTAS,equipo,EXTENSIÓN ELÉCTRICA ENCAUCHETADA 3x12 x 10 m,Un,0.0014,63480.0,false
CONCRETO 13.8 MPa,10,EQUIPO Y HERRAMIENTAS,equipo,CONCRETADORA ELÉCTRICA DE 1 SACO,Día,0.17,48287.0,false
CONCRETO 13.8 MPa,11,MANO DE OBRA,mano_obra,CUADRILLA 1 OF + 3 AY,Día,0.136,468306.0,false
CONCRETO 17.2 MPa,1,MATERIALES,material,CEMENTO GRIS,Kg,313.3,660.0,false
CONCRETO 17.2 MPa,2,MATERIALES,material,ARENA,m3,0.67,130014.0,false
CONCRETO 17.2 MPa,3,MATERIALES,material,"TRITURADO DE 3/4""",m3,0.7,134755.0,false
CONCRETO 17.2 MPa,4,MATERIALES,material,AGUA,Lt,211.03,79.0,false
CONCRETO 17.2 MPa,5,EQUIPO Y HERRAMIENTAS,equipo,CANECA METÁLICA DE 55 Gal,Un,0.0016,57969.0,false
CONCRETO 17.2 MPa,6,EQUIPO Y HERRAMIENTAS,equipo,"MANGUERA PARA AGUA Ø= 1/2"" x 50 m",Un,0.0016,64339.0,false
CONCRETO 17.2 MPa,7,EQUIPO Y HERRAMIENTAS,equipo,PALA REDONDA CON CABO,Un,0.0048,39378.0,false
CONCRETO 17.2 MPa,8,EQUIPO Y HERRAMIENTAS,equipo,BALDE CONSTRUCCIÓN,Un,0.032,7080.0,false
CONCRETO 17.2 MPa,9,EQUIPO Y HERRAMIENTAS,equipo,EXTENSIÓN ELÉCTRICA ENCAUCHETADA 3x12 x 10 m,Un,0.0016,63480.0,false
CONCRETO 17.2 MPa,10,EQUIPO Y HERRAMIENTAS,equipo,CONCRETADORA ELÉCTRICA DE 1 SACO,Día,0.2,48287.0,false
CONCRETO 17.2 MPa,11,MANO DE OBRA,mano_obra,CUADRILLA 1 OF + 3 AY,Día,0.16,468306.0,false
CONCRETO 17.2 MPa (Impermeabilizado),1,MATERIALES,material,CONCRETO 17.2 MPa,m3,1.0,490186.0,false
CONCRETO 17.2 MPa (Impermeabilizado),2,MATERIALES,material,PLASTOCRETE DM (Impermeabilizante y plastificante para concreto),Kg,1.5665,24648.0,false
CONCRETO 20.7 MPa,1,MATERIALES,material,CEMENTO GRIS,Kg,353.67,660.0,false
CONCRETO 20.7 MPa,2,MATERIALES,material,ARENA,m3,0.64,130014.0,false
CONCRETO 20.7 MPa,3,MATERIALES,material,"TRITURADO DE 3/4""",m3,0.7,134755.0,false
CONCRETO 20.7 MPa,4,MATERIALES,material,AGUA,Lt,210.43,79.0,false
CONCRETO 20.7 MPa,5,EQUIPO Y HERRAMIENTAS,equipo,CANECA METÁLICA DE 55 Gal,Un,0.0018,57969.0,false
CONCRETO 20.7 MPa,6,EQUIPO Y HERRAMIENTAS,equipo,"MANGUERA PARA AGUA Ø= 1/2"" x 50 m",Un,0.0018,64339.0,false
CONCRETO 20.7 MPa,7,EQUIPO Y HERRAMIENTAS,equipo,PALA REDONDA CON CABO,Un,0.0053,39378.0,false
CONCRETO 20.7 MPa,8,EQUIPO Y HERRAMIENTAS,equipo,BALDE CONSTRUCCIÓN,Un,0.0352,7080.0,false
CONCRETO 20.7 MPa,9,EQUIPO Y HERRAMIENTAS,equipo,EXTENSIÓN ELÉCTRICA ENCAUCHETADA 3x12 x 10 m,Un,0.0018,63480.0,false
CONCRETO 20.7 MPa,10,EQUIPO Y HERRAMIENTAS,equipo,CONCRETADORA ELÉCTRICA DE 1 SACO,Día,0.22,48287.0,false
CONCRETO 20.7 MPa,11,MANO DE OBRA,mano_obra,CUADRILLA 1 OF + 3 AY,Día,0.176,468306.0,false
CONCRETO 20.7 MPa (Impermeabilizado),1,MATERIALES,material,CONCRETO 20.7 MPa,m3,1.0,521421.0,false
CONCRETO 20.7 MPa (Impermeabilizado),2,MATERIALES,material,PLASTOCRETE DM (Impermeabilizante y plastificante para concreto),Kg,1.7684,24648.0,false
CONCRETO 24.2 MPa,1,MATERIALES,material,CEMENTO GRIS,Kg,392.34,660.0,false
CONCRETO 24.2 MPa,2,MATERIALES,material,ARENA,m3,0.62,130014.0,false
CONCRETO 24.2 MPa,3,MATERIALES,material,"TRITURADO DE 3/4""",m3,0.7,134755.0,false
CONCRETO 24.2 MPa,4,MATERIALES,material,AGUA,Lt,209.86,79.0,false
CONCRETO 24.2 MPa,5,EQUIPO Y HERRAMIENTAS,equipo,CANECA METÁLICA DE 55 Gal,Un,0.002,57969.0,false
CONCRETO 24.2 MPa,6,EQUIPO Y HERRAMIENTAS,equipo,"MANGUERA PARA AGUA Ø= 1/2"" x 50 m",Un,0.002,64339.0,false
CONCRETO 24.2 MPa,7,EQUIPO Y HERRAMIENTAS,equipo,PALA REDONDA CON CABO,Un,0.006,39378.0,false
CONCRETO 24.2 MPa,8,EQUIPO Y HERRAMIENTAS,equipo,BALDE CONSTRUCCIÓN,Un,0.04,7080.0,false
CONCRETO 24.2 MPa,9,EQUIPO Y HERRAMIENTAS,equipo,EXTENSIÓN ELÉCTRICA ENCAUCHETADA 3x12 x 10 m,Un,0.002,63480.0,false
CONCRETO 24.2 MPa,10,EQUIPO Y HERRAMIENTAS,equipo,CONCRETADORA ELÉCTRICA DE 1 SACO,Día,0.25,48287.0,false
CONCRETO 24.2 MPa,11,MANO DE OBRA,mano_obra,CUADRILLA 1 OF + 3 AY,Día,0.2,468306.0,false
CONCRETO 24.2 MPa (Impermeabilizado),1,MATERIALES,material,CONCRETO 24.2 MPa,m3,1.0,557085.0,false
CONCRETO 24.2 MPa (Impermeabilizado),2,MATERIALES,material,PLASTOCRETE DM (Impermeabilizante y plastificante para concreto),Kg,1.9617,24648.0,false
CONCRETO 27.6 MPa,1,MATERIALES,material,CEMENTO GRIS,Kg,427.52,660.0,false
CONCRETO 27.6 MPa,2,MATERIALES,material,ARENA,m3,0.59,130014.0,false
CONCRETO 27.6 MPa,3,MATERIALES,material,"TRITURADO DE 3/4""",m3,0.7,134755.0,false
CONCRETO 27.6 MPa,4,MATERIALES,material,AGUA,Lt,209.34,79.0,false
CONCRETO 27.6 MPa,5,EQUIPO Y HERRAMIENTAS,equipo,CANECA METÁLICA DE 55 Gal,Un,0.0022,57969.0,false
CONCRETO 27.6 MPa,6,EQUIPO Y HERRAMIENTAS,equipo,"MANGUERA PARA AGUA Ø= 1/2"" x 50 m",Un,0.0022,64339.0,false
CONCRETO 27.6 MPa,7,EQUIPO Y HERRAMIENTAS,equipo,PALA REDONDA CON CABO,Un,0.0065,39378.0,false
CONCRETO 27.6 MPa,8,EQUIPO Y HERRAMIENTAS,equipo,BALDE CONSTRUCCIÓN,Un,0.0432,7080.0,false
CONCRETO 27.6 MPa,9,EQUIPO Y HERRAMIENTAS,equipo,EXTENSIÓN ELÉCTRICA ENCAUCHETADA 3x12 x 10 m,Un,0.0022,63480.0,false
CONCRETO 27.6 MPa,10,EQUIPO Y HERRAMIENTAS,equipo,CONCRETADORA ELÉCTRICA DE 1 SACO,Día,0.27,48287.0,false
CONCRETO 27.6 MPa,11,MANO DE OBRA,mano_obra,CUADRILLA 1 OF + 3 AY,Día,0.216,468306.0,false
CONCRETO 27.6 MPa (Impermeabilizado),1,MATERIALES,material,CONCRETO 27.6 MPa,m3,1.0,584900.0,false
CONCRETO 27.6 MPa (Impermeabilizado),2,MATERIALES,material,PLASTOCRETE DM (Impermeabilizante y plastificante para concreto),Kg,2.1376,24648.0,false
CONCRETO CICLÓPEO,1,MATERIALES,material,CONCRETO 20.7 MPa,m3,0.62,521421.0,false
CONCRETO CICLÓPEO,2,MATERIALES,material,PIEDRA MEDIA ZONGA,m3,0.41,130296.0,false
ENSAYO DE CONCRETO RESISTENCIA A LA COMPRESIÓN,1,MATERIALES,material,ACPM,Gal,0.1,10864.0,false
ENSAYO DE CONCRETO RESISTENCIA A LA COMPRESIÓN,2,MATERIALES,material,AGUA,Lt,18.0,79.0,false
ENSAYO DE CONCRETO RESISTENCIA A LA COMPRESIÓN,3,EQUIPO Y HERRAMIENTAS,equipo,PALUSTRE,Un,0.0013,16220.0,false
ENSAYO DE CONCRETO RESISTENCIA A LA COMPRESIÓN,4,EQUIPO Y HERRAMIENTAS,equipo,"FORMALETA CONO SLUMP y VARILLA 5/8"" x 60 cm",Día,0.25,5703.0,false
ENSAYO DE CONCRETO RESISTENCIA A LA COMPRESIÓN,5,EQUIPO Y HERRAMIENTAS,equipo,MOLDE METÁLICO PARA CILINDRO DE CONCRETO,Día,0.25,4318.0,false
ENSAYO DE CONCRETO RESISTENCIA A LA COMPRESIÓN,6,EQUIPO Y HERRAMIENTAS,equipo,CANECA METÁLICA DE 55 Gal,Un,0.0013,57969.0,false
ENSAYO DE CONCRETO RESISTENCIA A LA COMPRESIÓN,7,TRANSPORTES,transporte,CAMIONETA,Hr,1.0,40835.0,false
ENSAYO DE CONCRETO RESISTENCIA A LA COMPRESIÓN,8,MANO DE OBRA,mano_obra,AYUDANTE (Incl. prestaciones),Día,0.125,110085.0,false
ENSAYO DE CONCRETO RESISTENCIA A LA COMPRESIÓN,9,MANO DE OBRA,mano_obra,AYUDANTE PRÁCTICO (Incl. prestaciones),Día,0.125,121271.0,false
ENSAYO DE CONCRETO RESISTENCIA A LA COMPRESIÓN,10,OTROS,otro,ENSAYO CILINDRO A COMPRESIÓN,Un,9.0,21917.0,false
ENSAYO DE CONCRETO RESISTENCIA A LA FLEXIÓN,1,MATERIALES,material,ACPM,Gal,0.1,10864.0,false
ENSAYO DE CONCRETO RESISTENCIA A LA FLEXIÓN,2,MATERIALES,material,AGUA,Lt,18.0,79.0,false
ENSAYO DE CONCRETO RESISTENCIA A LA FLEXIÓN,3,EQUIPO Y HERRAMIENTAS,equipo,PALUSTRE,Un,0.0013,16220.0,false
ENSAYO DE CONCRETO RESISTENCIA A LA FLEXIÓN,4,EQUIPO Y HERRAMIENTAS,equipo,MAZO GOMA 16 oz,Un,0.0013,38849.0,false
ENSAYO DE CONCRETO RESISTENCIA A LA FLEXIÓN,5,EQUIPO Y HERRAMIENTAS,equipo,MOLDE METÁLICO PARA VIGUETA,Día,0.25,4659.0,false
ENSAYO DE CONCRETO RESISTENCIA A LA FLEXIÓN,6,EQUIPO Y HERRAMIENTAS,equipo,CANECA METÁLICA DE 55 Gal,Un,0.0013,57969.0,false
ENSAYO DE CONCRETO RESISTENCIA A LA FLEXIÓN,7,TRANSPORTES,transporte,CAMIONETA,Hr,0.5,40835.0,false
ENSAYO DE CONCRETO RESISTENCIA A LA FLEXIÓN,8,MANO DE OBRA,mano_obra,AYUDANTE (Incl. prestaciones),Día,0.125,110085.0,false
ENSAYO DE CONCRETO RESISTENCIA A LA FLEXIÓN,9,MANO DE OBRA,mano_obra,AYUDANTE PRÁCTICO (Incl. prestaciones),Día,0.125,121271.0,false
ENSAYO DE CONCRETO RESISTENCIA A LA FLEXIÓN,10,OTROS,otro,ENSAYO VIGUETA A FLEXIÓN,Un,3.0,76947.0,false
ENTIBADO DISCONTINUO EN MADERA,1,MATERIALES,material,"TABLA 2"" x 10""",m,0.6798,16783.0,false
ENTIBADO DISCONTINUO EN MADERA,2,MATERIALES,material,GUADUA SOBRE BASA,Un,0.6798,5864.0,false
ENTIBADO DISCONTINUO EN MADERA,3,MATERIALES,material,"PUNTILLA 1 1/2"" a 3""",Lb,0.1,4233.0,false
ENTIBADO DISCONTINUO EN MADERA,4,EQUIPO Y HERRAMIENTAS,equipo,HERRAMIENTAS PARA ALBAÑIL,Un,0.0002,351602.0,false
ENTIBADO DISCONTINUO EN MADERA,5,TRANSPORTES,transporte,CAMIONETA,Hr,0.025,40835.0,false
ENTIBADO DISCONTINUO EN MADERA,6,MANO DE OBRA,mano_obra,CUADRILLA 1 OF + 2 AY,Día,0.0156,358221.0,false
EQUIPO DE SOLDADURA,1,EQUIPO Y HERRAMIENTAS,equipo,SOLDADOR ELÉCTRICO MONOFÁSICO,Día,1.0,74827.0,false
EQUIPO DE SOLDADURA,2,EQUIPO Y HERRAMIENTAS,equipo,CABLE PARA PORTA ELECTRODO x 10 m,Día,1.0,7440.0,false
EQUIPO DE SOLDADURA,3,EQUIPO Y HERRAMIENTAS,equipo,PINZA MASA,Día,1.0,1044.0,false
EQUIPO PARA PINTURA,1,EQUIPO Y HERRAMIENTAS,equipo,MASCARILLA CON RESPIRADOR DOBLE FILTRO,Un,0.02,25736.0,false
EQUIPO PARA PINTURA,2,EQUIPO Y HERRAMIENTAS,equipo,EXTENSIÓN ELÉCTRICA ENCAUCHETADA 3x12 x 10 m,Un,0.02,63480.0,false
EQUIPO PARA PINTURA,3,EQUIPO Y HERRAMIENTAS,equipo,COMPRESOR DE 120 lb,Día,1.0,78300.0,false
EQUIPO PARA PINTURA,4,EQUIPO Y HERRAMIENTAS,equipo,MANGUERA PARA COMPRESOR DE AIRE x 10 m,Día,1.0,2076.0,false
EQUIPO PARA PINTURA,5,EQUIPO Y HERRAMIENTAS,equipo,PISTÓLA COMPRESOR DE AIRE,Día,1.0,11903.0,false
FORMALETA,1,MATERIALES,material,"TABLA 1"" x 10""",m,4.4,8393.0,false
FORMALETA,2,MATERIALES,material,"LISTÓN 2"" x 4""",m,5.8,5744.0,false
FORMALETA,3,MATERIALES,material,"PUNTILLA 1 1/2"" a 3""",Lb,0.26,4233.0,false
FORMALETA,4,EQUIPO Y HERRAMIENTAS,equipo,EXTENSIÓN ELÉCTRICA ENCAUCHETADA 3x12 x 10 m,Un,0.0006,63480.0,false
FORMALETA,5,EQUIPO Y HERRAMIENTAS,equipo,"SIERRA CIRCULAR 7 1/4""",Un,0.0006,617652.0,false
FORMALETA,6,EQUIPO Y HERRAMIENTAS,equipo,"DISCO SIERRA CIRCULAR 7 1/4""",Un,0.0012,78265.0,false
FORMALETA,7,EQUIPO Y HERRAMIENTAS,equipo,HERRAMIENTAS PARA ALBAÑIL,Un,0.0006,351602.0,false
FORMALETA,8,TRANSPORTES,transporte,CAMIONETA,Hr,0.01,40835.0,false
FORMALETA,9,MANO DE OBRA,mano_obra,CUADRILLA 1 OF + 1 AY,Día,0.056,248136.0,false
FORMALETA T,1,MATERIALES,material,FORMALETA T 19 mm 1.22x2.44 m,Un,0.34,234716.0,false
FORMALETA T,2,MATERIALES,material,"LISTÓN 2"" x 4""",m,8.0,5744.0,false
FORMALETA T,3,MATERIALES,material,"LISTÓN 2"" x 2""",m,8.0,2867.0,false
FORMALETA T,4,MATERIALES,material,"PUNTILLA 1 1/2"" a 3""",Lb,0.13,4233.0,false
FORMALETA T,5,EQUIPO Y HERRAMIENTAS,equipo,EXTENSIÓN ELÉCTRICA ENCAUCHETADA 3x12 x 10 m,Un,0.0006,63480.0,false
FORMALETA T,6,EQUIPO Y HERRAMIENTAS,equipo,"SIERRA CIRCULAR 7 1/4""",Un,0.0006,617652.0,false
FORMALETA T,7,EQUIPO Y HERRAMIENTAS,equipo,"DISCO SIERRA CIRCULAR 7 1/4""",Un,0.0012,78265.0,false
FORMALETA T,8,EQUIPO Y HERRAMIENTAS,equipo,HERRAMIENTAS PARA ALBAÑIL,Un,0.0006,351602.0,false
FORMALETA T,9,TRANSPORTES,transporte,CAMIONETA,Hr,0.01,40835.0,false
FORMALETA T,10,MANO DE OBRA,mano_obra,CUADRILLA 1 OF + 1 AY,Día,0.056,248136.0,false
GROUTING 17.2 MPa,1,MATERIALES,material,CEMENTO GRIS,Kg,303.3,660.0,false
GROUTING 17.2 MPa,2,MATERIALES,material,CAL AGRÍCOLA,Kg,10.0,879.0,false
GROUTING 17.2 MPa,3,MATERIALES,material,ARENA,m3,0.67,130014.0,false
GROUTING 17.2 MPa,4,MATERIALES,material,GRAVILLA,m3,0.7,150875.0,false
GROUTING 17.2 MPa,5,MATERIALES,material,AGUA,Lt,211.03,79.0,false
GROUTING 17.2 MPa,6,EQUIPO Y HERRAMIENTAS,equipo,CANECA METÁLICA DE 55 Gal,Un,0.0016,57969.0,false
GROUTING 17.2 MPa,7,EQUIPO Y HERRAMIENTAS,equipo,"MANGUERA PARA AGUA Ø= 1/2"" x 50 m",Un,0.0016,64339.0,false
GROUTING 17.2 MPa,8,EQUIPO Y HERRAMIENTAS,equipo,PALA REDONDA CON CABO,Un,0.0048,39378.0,false
GROUTING 17.2 MPa,9,EQUIPO Y HERRAMIENTAS,equipo,BALDE CONSTRUCCIÓN,Un,0.032,7080.0,false
GROUTING 17.2 MPa,10,EQUIPO Y HERRAMIENTAS,equipo,EXTENSIÓN ELÉCTRICA ENCAUCHETADA 3x12 x 10 m,Un,0.0016,63480.0,false
GROUTING 17.2 MPa,11,EQUIPO Y HERRAMIENTAS,equipo,CONCRETADORA ELÉCTRICA DE 1 SACO,Día,0.1452,48287.0,false
GROUTING 17.2 MPa,12,MANO DE OBRA,mano_obra,CUADRILLA 1 OF + 3 AY,Día,0.16,468306.0,false
GROUTING 20.7 MPa,1,MATERIALES,material,CEMENTO GRIS,Kg,343.67,660.0,false
GROUTING 20.7 MPa,2,MATERIALES,material,CAL AGRÍCOLA,Kg,10.0,879.0,false
GROUTING 20.7 MPa,3,MATERIALES,material,ARENA,m3,0.64,130014.0,false
GROUTING 20.7 MPa,4,MATERIALES,material,GRAVILLA,m3,0.7,150875.0,false
GROUTING 20.7 MPa,5,MATERIALES,material,AGUA,Lt,210.43,79.0,false
GROUTING 20.7 MPa,6,EQUIPO Y HERRAMIENTAS,equipo,CANECA METÁLICA DE 55 Gal,Un,0.0016,57969.0,false
GROUTING 20.7 MPa,7,EQUIPO Y HERRAMIENTAS,equipo,"MANGUERA PARA AGUA Ø= 1/2"" x 50 m",Un,0.0016,64339.0,false
GROUTING 20.7 MPa,8,EQUIPO Y HERRAMIENTAS,equipo,PALA REDONDA CON CABO,Un,0.0048,39378.0,false
GROUTING 20.7 MPa,9,EQUIPO Y HERRAMIENTAS,equipo,BALDE CONSTRUCCIÓN,Un,0.032,7080.0,false
GROUTING 20.7 MPa,10,EQUIPO Y HERRAMIENTAS,equipo,EXTENSIÓN ELÉCTRICA ENCAUCHETADA 3x12 x 10 m,Un,0.0016,63480.0,false
GROUTING 20.7 MPa,11,EQUIPO Y HERRAMIENTAS,equipo,CONCRETADORA ELÉCTRICA DE 1 SACO,Día,0.1452,48287.0,false
GROUTING 20.7 MPa,12,MANO DE OBRA,mano_obra,CUADRILLA 1 OF + 3 AY,Día,0.16,468306.0,false
LIMPIEZA CON CHORRO DE ARENA (SAND BLASTING) EN SUPERFICIE METÁLICA,1,MATERIALES,material,ARENA,m3,0.05,130014.0,false
LIMPIEZA CON CHORRO DE ARENA (SAND BLASTING) EN SUPERFICIE METÁLICA,2,EQUIPO Y HERRAMIENTAS,equipo,EQUIPO SANDBLASTING,Día,0.032,65775.0,false
LIMPIEZA CON CHORRO DE ARENA (SAND BLASTING) EN SUPERFICIE METÁLICA,3,EQUIPO Y HERRAMIENTAS,equipo,COMPRESOR DE 120 lb,Día,0.032,78300.0,false
LIMPIEZA CON CHORRO DE ARENA (SAND BLASTING) EN SUPERFICIE METÁLICA,4,EQUIPO Y HERRAMIENTAS,equipo,PALA REDONDA CON CABO,Un,0.0008,39378.0,false
LIMPIEZA CON CHORRO DE ARENA (SAND BLASTING) EN SUPERFICIE METÁLICA,5,EQUIPO Y HERRAMIENTAS,equipo,BALDE CONSTRUCCIÓN,Un,0.0015,7080.0,false
LIMPIEZA CON CHORRO DE ARENA (SAND BLASTING) EN SUPERFICIE METÁLICA,6,TRANSPORTES,transporte,CAMIONETA,Hr,0.05,40835.0,false
LIMPIEZA CON CHORRO DE ARENA (SAND BLASTING) EN SUPERFICIE METÁLICA,7,MANO DE OBRA,mano_obra,CUADRILLA 1 OF + 1 AY,Día,0.0381,248136.0,false
MORTERO 1:2,1,MATERIALES,material,CEMENTO GRIS,Kg,625.0,660.0,false
MORTERO 1:2,2,MATERIALES,material,ARENA,m3,0.97,130014.0,false
MORTERO 1:2,3,MATERIALES,material,AGUA,Lt,150.0,79.0,false
MORTERO 1:2,4,EQUIPO Y HERRAMIENTAS,equipo,CANECA METÁLICA DE 55 Gal,Un,0.001,57969.0,false
MORTERO 1:2,5,EQUIPO Y HERRAMIENTAS,equipo,"MANGUERA PARA AGUA Ø= 1/2"" x 50 m",Un,0.001,64339.0,false
MORTERO 1:2,6,EQUIPO Y HERRAMIENTAS,equipo,PALA REDONDA CON CABO,Un,0.003,39378.0,false
MORTERO 1:2,7,EQUIPO Y HERRAMIENTAS,equipo,BALDE CONSTRUCCIÓN,Un,0.0083,7080.0,false
MORTERO 1:2,8,MANO DE OBRA,mano_obra,CUADRILLA 1 OF + 2 AY,Día,0.104,358221.0,false
MORTERO 1:3,1,MATERIALES,material,CEMENTO GRIS,Kg,450.0,660.0,false
MORTERO 1:3,2,MATERIALES,material,ARENA,m3,1.09,130014.0,false
MORTERO 1:3,3,MATERIALES,material,AGUA,Lt,168.0,79.0,false
MORTERO 1:3,4,EQUIPO Y HERRAMIENTAS,equipo,CANECA METÁLICA DE 55 Gal,Un,0.0008,57969.0,false
MORTERO 1:3,5,EQUIPO Y HERRAMIENTAS,equipo,"MANGUERA PARA AGUA Ø= 1/2"" x 50 m",Un,0.0008,64339.0,false
MORTERO 1:3,6,EQUIPO Y HERRAMIENTAS,equipo,PALA REDONDA CON CABO,Un,0.0023,39378.0,false
MORTERO 1:3,7,EQUIPO Y HERRAMIENTAS,equipo,BALDE CONSTRUCCIÓN,Un,0.0061,7080.0,false
MORTERO 1:3,8,MANO DE OBRA,mano_obra,CUADRILLA 1 OF + 2 AY,Día,0.076,358221.0,false
MORTERO 1:3 (Impermeabilizado),1,MATERIALES,material,MORTERO 1:3,m3,1.0,479444.0,false
MORTERO 1:3 (Impermeabilizado),2,MATERIALES,material,SIKA 1 (Impermeabilizante integral para morteros),Kg,13.5,20320.0,false
MORTERO 1:4,1,MATERIALES,material,CEMENTO GRIS,Kg,363.0,660.0,false
MORTERO 1:4,2,MATERIALES,material,ARENA,m3,1.16,130014.0,false
MORTERO 1:4,3,MATERIALES,material,AGUA,Lt,185.0,79.0,false
MORTERO 1:4,4,EQUIPO Y HERRAMIENTAS,equipo,CANECA METÁLICA DE 55 Gal,Un,0.0006,57969.0,false
MORTERO 1:4,5,EQUIPO Y HERRAMIENTAS,equipo,"MANGUERA PARA AGUA Ø= 1/2"" x 50 m",Un,0.0006,64339.0,false
MORTERO 1:4,6,EQUIPO Y HERRAMIENTAS,equipo,PALA REDONDA CON CABO,Un,0.0018,39378.0,false
MORTERO 1:4,7,EQUIPO Y HERRAMIENTAS,equipo,BALDE CONSTRUCCIÓN,Un,0.0048,7080.0,false
MORTERO 1:4,8,MANO DE OBRA,mano_obra,CUADRILLA 1 OF + 2 AY,Día,0.06,358221.0,false
MORTERO 1:4 (Impermeabilizado),1,MATERIALES,material,MORTERO 1:4,m3,1.0,426683.0,false
MORTERO 1:4 (Impermeabilizado),2,MATERIALES,material,SIKA 1 (Impermeabilizante integral para morteros),Kg,10.89,20320.0,false
MORTERO 1:5,1,MATERIALES,material,CEMENTO GRIS,Kg,302.0,660.0,false
MORTERO 1:5,2,MATERIALES,material,ARENA,m3,1.2,130014.0,false
MORTERO 1:5,3,MATERIALES,material,AGUA,Lt,227.0,79.0,false
MORTERO 1:5,4,EQUIPO Y HERRAMIENTAS,equipo,CANECA METÁLICA DE 55 Gal,Un,0.0004,57969.0,false
MORTERO 1:5,5,EQUIPO Y HERRAMIENTAS,equipo,"MANGUERA PARA AGUA Ø= 1/2"" x 50 m",Un,0.0004,64339.0,false
MORTERO 1:5,6,EQUIPO Y HERRAMIENTAS,equipo,PALA REDONDA CON CABO,Un,0.0013,39378.0,false
MORTERO 1:5,7,EQUIPO Y HERRAMIENTAS,equipo,BALDE CONSTRUCCIÓN,Un,0.0035,7080.0,false
MORTERO 1:5,8,MANO DE OBRA,mano_obra,CUADRILLA 1 OF + 2 AY,Día,0.044,358221.0,false
POSTE DE SEÑALIZACIÓN EN MADERA PINTADO + MUERTO EN CONCRETO,1,MATERIALES,material,GUADUA SOBRE BASA,Un,0.3,5864.0,false
POSTE DE SEÑALIZACIÓN EN MADERA PINTADO + MUERTO EN CONCRETO,2,MATERIALES,material,"TABLA 1"" x 10""",m,0.43,8393.0,false
POSTE DE SEÑALIZACIÓN EN MADERA PINTADO + MUERTO EN CONCRETO,3,MATERIALES,material,"LISTÓN 1"" x 2""",m,0.67,1439.0,false
POSTE DE SEÑALIZACIÓN EN MADERA PINTADO + MUERTO EN CONCRETO,4,MATERIALES,material,"PUNTILLA 1 1/2"" a 3""",Lb,0.2,4233.0,false
POSTE DE SEÑALIZACIÓN EN MADERA PINTADO + MUERTO EN CONCRETO,5,MATERIALES,material,ACPM,Gal,0.05,10864.0,false
POSTE DE SEÑALIZACIÓN EN MADERA PINTADO + MUERTO EN CONCRETO,6,MATERIALES,material,CONCRETO 17.2 MPa,m3,0.0062,490186.0,false
POSTE DE SEÑALIZACIÓN EN MADERA PINTADO + MUERTO EN CONCRETO,7,MATERIALES,material,DISOLVENTE,Gal,0.031,63260.0,false
POSTE DE SEÑALIZACIÓN EN MADERA PINTADO + MUERTO EN CONCRETO,8,MATERIALES,material,PINTURA ESMALTE PINTULUX,Gal,0.031,106610.0,false
POSTE DE SEÑALIZACIÓN EN MADERA PINTADO + MUERTO EN CONCRETO,9,EQUIPO Y HERRAMIENTAS,equipo,"BROCHA 2""",Un,0.0002,9096.0,false
POSTE DE SEÑALIZACIÓN EN MADERA PINTADO + MUERTO EN CONCRETO,10,EQUIPO Y HERRAMIENTAS,equipo,BALDE CONSTRUCCIÓN,Un,0.0002,7080.0,false
POSTE DE SEÑALIZACIÓN EN MADERA PINTADO + MUERTO EN CONCRETO,11,EQUIPO Y HERRAMIENTAS,equipo,HERRAMIENTAS PARA ALBAÑIL,Un,0.0002,351602.0,false
POSTE DE SEÑALIZACIÓN EN MADERA PINTADO + MUERTO EN CONCRETO,12,TRANSPORTES,transporte,CAMIONETA,Hr,0.1,40835.0,false
POSTE DE SEÑALIZACIÓN EN MADERA PINTADO + MUERTO EN CONCRETO,13,MANO DE OBRA,mano_obra,CUADRILLA 1 OF + 1 AY,Día,0.018,248136.0,false
"PULIDORA ELÉCTRICA, CARETA CON VISOR, EXTENSIÓN ELÉCTRICA",1,EQUIPO Y HERRAMIENTAS,equipo,PULIDORA MANUAL ELÉCTRICA,Un,1.0,1029435.0,false
"PULIDORA ELÉCTRICA, CARETA CON VISOR, EXTENSIÓN ELÉCTRICA",2,EQUIPO Y HERRAMIENTAS,equipo,CARETA VISOR POLICARBONATO Y RIBETE,Un,1.0,58994.0,false
"PULIDORA ELÉCTRICA, CARETA CON VISOR, EXTENSIÓN ELÉCTRICA",3,EQUIPO Y HERRAMIENTAS,equipo,EXTENSIÓN ELÉCTRICA ENCAUCHETADA 3x12 x 10 m,Un,1.0,63480.0,false
RETIRO DE MATERIAL SOBRANTE CARGUE MANUAL,1,EQUIPO Y HERRAMIENTAS,equipo,PALA REDONDA CON CABO,Un,0.0012,39378.0,false
RETIRO DE MATERIAL SOBRANTE CARGUE MANUAL,2,EQUIPO Y HERRAMIENTAS,equipo,CONO PVC CON CINTA REFLECTIVA,Un,0.0006,75711.0,false
RETIRO DE MATERIAL SOBRANTE CARGUE MANUAL,3,TRANSPORTES,transporte,VOLQUETA 7 m3,Hr,0.4708,94940.0,false
RETIRO DE MATERIAL SOBRANTE CARGUE MANUAL,4,MANO DE OBRA,mano_obra,CUADRILLA 2 Ay,Día,0.0589,220170.0,false
RETIRO DE MATERIAL SOBRANTE CARGUE MANUAL,5,OTROS,otro,TARIFA ESCOMBRERA AUTORIZADA,m3,1.0,4908.0,false
